[
    {
        "from_ip": [
            "192.168.43.153",
            4005
        ],
        "to_ip": [
            "192.168.43.86",
            4005
        ],
        "from_username": "sarvesh",
        "to_username": "ayan",
        "message": "The gentle excursion stamps gallery."
    },
    {
        "from_ip": [
            "192.168.43.153",
            4005
        ],
        "to_ip": [
            "192.168.43.86",
            4005
        ],
        "from_username": "sarvesh",
        "to_username": "ayan",
        "message": "The economic difference reviews warmth."
    },
    {
        "from_ip": [
            "192.168.43.86",
            4005
        ],
        "to_ip": [
            "192.168.43.153",
            4005
        ],
        "from_username": "ayan",
        "to_username": "sarvesh",
        "message": "The cautious doctor wrecks costume."
    },
    {
        "from_ip": [
            "192.168.43.86",
            4005
        ],
        "to_ip": [
            "192.168.43.53",
            4005
        ],
        "from_username": "ayan",
        "to_username": "ritik",
        "message": "The racial porter binds floozie."
    },
    {
        "from_ip": [
            "192.168.43.153",
            4005
        ],
        "to_ip": [
            "192.168.43.53",
            4005
        ],
        "from_username": "sarvesh",
        "to_username": "ritik",
        "message": "The woebegone vendor forgets error."
    },
    {
        "from_ip": [
            "192.168.43.153",
            4005
        ],
        "to_ip": [
            "192.168.43.86",
            4005
        ],
        "from_username": "sarvesh",
        "to_username": "ayan",
        "message": "The cultured pool orders security."
    },
    {
        "from_ip": [
            "192.168.43.86",
            4005
        ],
        "to_ip": [
            "192.168.43.53",
            4005
        ],
        "from_username": "ayan",
        "to_username": "ritik",
        "message": "The quiet weekender writes arrival."
    },
    {
        "from_ip": [
            "192.168.43.86",
            4005
        ],
        "to_ip": [
            "192.168.43.153",
            4005
        ],
        "from_username": "ayan",
        "to_username": "sarvesh",
        "message": "The glib bricklaying bakes pottery."
    },
    {
        "from_ip": [
            "192.168.43.153",
            4005
        ],
        "to_ip": [
            "192.168.43.86",
            4005
        ],
        "from_username": "sarvesh",
        "to_username": "ayan",
        "message": "The dull explosion coaches van."
    }
]